NN;N1;N2;N3;N4;N5;N6
4208;3;7;9;19;42;44
4209;6;7;12;16;18;34
4210;5;18;21;26;38;43
4211;2;27;29;31;44;45
4212;2;7;14;23;28;33
4213;1;17;18;24;29;36
4214;3;5;15;28;38;45
4215;7;21;22;23;39;42
4216;11;19;20;26;38;40
4217;11;14;15;16;32;40
4218;5;12;21;24;25;43
4219;3;14;21;24;31;43
4220;1;15;19;21;28;41
4221;6;7;16;17;31;44
4222;2;15;24;26;30;35
4223;5;6;8;22;30;42
4224;9;12;28;33;35;39
4225;20;25;31;33;35;39
4226;4;8;19;32;40;44
4227;4;24;25;34;35;37
4228;2;3;4;24;37;44
4229;13;18;29;30;31;35
4230;2;14;17;18;42;43
4231;15;28;32;38;39;44
4232;5;15;17;19;23;35
4233;2;3;7;13;17;39
4234;14;15;26;34;38;44
4235;12;14;15;16;32;33
4236;1;5;23;28;40;42
4237;13;16;26;35;37;38
4238;10;14;20;25;42;43
4239;3;10;11;26;27;28
4240;4;17;21;24;41;42
4241;4;8;9;26;39;44
4242;2;18;19;25;26;30
4243;4;11;21;23;34;39
4244;6;15;22;32;34;43
4245;4;11;15;19;27;38
4246;3;12;14;17;29;37
4247;7;18;20;35;40;45
4248;5;12;27;29;35;40
4249;2;5;11;12;21;33
4250;3;10;14;15;32;36
4251;1;16;18;27;30;44
4252;2;20;23;26;27;33
4253;8;19;29;37;41;45
4254;2;3;4;5;17;43
4255;15;18;30;39;42;43
4256;1;15;22;35;36;45
4257;12;16;27;29;39;43
4258;4;20;21;29;37;41
4259;2;4;7;21;30;33
4260;1;9;12;21;37;42
4261;2;16;23;28;30;45
4262;14;18;21;22;28;35
4263;4;5;6;30;34;38
4264;4;18;19;22;40;42
4265;5;12;15;16;21;36
4266;1;4;9;19;27;39
4267;13;19;24;35;36;38
4268;2;8;24;30;41;45
4269;27;28;32;36;37;43
4270;7;18;28;30;43;45
4271;2;8;28;33;34;44
4272;3;9;14;22;23;37
4273;4;5;10;17;21;37
4274;8;19;20;31;35;38
4275;9;21;30;34;43;45
4276;1;2;17;19;24;45
4277;6;11;23;25;34;35
4278;2;17;22;36;43;44
4279;5;13;14;22;31;45
4280;3;17;22;27;28;29
4281;3;14;17;21;30;36
4282;12;13;18;22;29;45
4283;9;13;22;25;33;39
4284;1;20;22;24;27;32
4285;8;15;33;37;38;43
4286;2;8;28;32;34;35
4287;14;15;24;31;35;43
4288;7;9;14;17;18;35
4289;1;12;15;19;39;40
4290;7;10;12;17;34;41
4291;5;10;12;15;28;44
4292;13;24;29;35;39;44
4293;11;18;27;35;43;45
4294;14;23;29;30;34;43
4295;9;10;24;38;40;43
4296;11;18;23;30;44;45
4297;18;23;33;34;39;44
4298;3;7;14;25;35;39
4299;14;20;21;26;28;45
4300;11;16;18;26;37;42
4301;20;25;26;42;43;45
4302;16;25;26;33;42;43
4303;18;20;27;30;33;37
4304;8;9;11;17;35;38
4305;14;20;29;34;37;41
4306;8;10;21;37;42;43
4307;12;17;18;21;33;43
4308;2;7;20;29;32;45
4309;13;29;31;37;40;41
4310;4;10;20;28;33;43
4311;10;25;26;28;31;35
4312;2;8;28;31;36;37
4313;5;6;7;20;22;31
4314;1;2;8;10;35;36
4315;2;3;18;20;37;42
4316;5;18;22;39;41;44
4317;6;26;33;34;43;45
4318;12;17;18;31;36;43
4319;11;26;27;37;42;43
4320;14;26;28;31;36;42
4321;13;26;27;34;38;39
4322;4;9;13;17;36;42
4323;1;2;10;25;27;33
4324;4;14;20;28;32;38
4325;2;21;23;24;25;27
4326;5;6;8;21;27;42
4327;15;21;27;28;35;39
4328;19;23;25;27;37;38
4329;2;13;14;15;19;41
4330;1;2;3;14;29;35
4331;4;7;13;14;22;44
4332;7;11;12;24;34;36
4333;3;4;19;31;32;39
4334;1;9;24;35;38;41
4335;1;10;28;30;34;40
4336;8;11;24;25;33;34
4337;5;14;23;25;35;41
4338;1;2;14;25;35;45
4339;5;10;12;17;25;26
4340;3;13;16;18;22;36
4341;12;14;23;29;33;41
4342;6;9;12;21;22;26
4343;2;9;12;14;35;44
4344;1;5;21;28;38;43
4345;3;15;17;24;39;41
4346;1;7;20;22;34;45
4347;4;5;12;15;33;36
4348;2;15;25;32;35;43
4349;6;23;32;33;43;45
4350;11;15;17;26;27;36
4351;9;13;16;20;28;37
4352;4;10;11;12;13;38
4353;8;13;18;21;23;42
4354;1;15;16;17;27;34
4355;7;12;22;26;35;43
4356;7;11;20;21;25;29
4357;2;12;28;34;41;45
4358;4;11;12;19;20;44
4359;1;4;16;25;28;36
4360;17;20;36;37;38;41
4361;19;23;25;33;36;45
4362;2;4;15;29;38;39
4363;17;27;30;35;39;42
4364;5;7;12;15;33;37
4365;5;17;24;26;32;38
4366;6;10;11;21;27;39
4367;9;15;17;22;38;41
4368;2;5;10;15;26;41
4369;2;6;7;8;13;28
4370;3;4;7;9;14;32
4371;6;8;17;23;32;38
4372;7;8;26;29;37;41
4373;11;14;17;28;30;36
4374;2;7;8;20;25;35
4375;9;10;29;30;33;41
4376;1;11;15;18;28;39
4377;12;14;16;18;37;38
4378;16;21;30;32;36;39
4379;6;10;11;15;19;32
4380;13;17;28;38;43;44
4381;2;6;17;23;24;33
4382;3;14;30;37;38;43
4383;9;10;28;29;32;33
4384;7;8;15;20;21;23
4385;4;15;31;33;36;37
4386;1;2;3;24;32;34
4387;1;12;26;27;28;34
4388;1;10;14;24;32;35
4389;16;22;23;36;39;45
4390;1;16;23;24;25;35
4391;10;16;17;22;30;39
4392;2;3;12;24;31;32
4393;19;20;23;32;38;40
4394;1;2;10;27;37;39
4395;10;19;26;34;36;39
4396;8;12;24;32;35;41
4397;5;8;28;29;31;36
4398;15;17;23;33;39;40
4399;7;15;18;36;37;41
4400;17;18;26;31;33;45
4401;3;7;10;26;35;38
4402;10;16;32;35;36;39
4403;13;14;23;28;40;42
4404;7;12;17;22;38;42
4405;6;8;9;13;31;41
4406;13;16;18;24;30;32
4407;2;19;24;28;29;33
4408;6;7;8;25;29;31
4409;11;13;20;23;39;45
4410;14;31;34;36;39;44
4411;7;20;22;29;38;39
4412;2;26;33;39;40;44
4413;5;12;25;32;36;44
4414;3;10;24;26;28;44
4415;1;15;17;19;24;30
4416;14;15;19;27;30;31
4417;6;18;20;27;34;41
4418;5;8;14;15;21;38
4419;15;17;18;21;42;45
4420;2;14;20;34;38;41
4421;5;15;24;26;34;43
4422;6;9;33;36;42;45
4423;4;5;8;12;20;23
4424;2;11;22;25;28;44
4425;6;9;13;28;29;42
4426;26;33;36;39;41;43
4427;1;3;9;12;36;42
4428;4;6;10;31;40;45
4429;1;14;23;36;40;43
4430;3;8;12;13;34;43
4431;3;5;14;23;30;43
4432;2;10;12;21;28;42
4433;7;8;9;14;16;34
4434;6;15;21;24;28;36
4435;5;12;14;23;32;38
4436;10;14;18;24;34;44
4437;10;18;25;31;33;37
4438;1;7;14;16;19;44
4439;1;4;5;16;25;38
4440;3;10;17;32;38;41
4441;1;7;11;15;37;38
4442;4;7;13;17;21;32
4443;4;7;16;33;39;42
4444;15;19;25;29;31;43
4445;2;7;13;19;37;40
4446;8;13;18;34;43;45
4447;12;16;22;24;26;39
4448;1;4;35;40;41;42
4449;9;10;11;13;22;37
4450;4;20;24;29;37;41
4451;12;25;30;38;43;45
4452;11;21;27;28;31;36
4453;7;27;29;32;33;34
4454;7;22;27;28;35;41
4455;12;16;19;21;25;28
4456;4;7;20;24;34;35
4457;2;14;24;26;32;35
4458;2;9;15;33;38;39
4459;13;18;23;27;30;41
4460;14;23;25;36;38;45
4461;4;20;31;39;42;44
4462;4;9;13;28;31;38
4463;5;19;21;24;31;34
4464;10;19;22;27;33;35
4465;2;4;8;9;11;21
4466;6;16;26;34;36;42
4467;10;13;18;28;31;35
4468;3;8;13;22;24;30
4469;13;27;31;33;35;44
4470;3;12;17;36;39;45
4471;2;13;14;15;27;43
4472;3;8;24;26;29;31
4473;3;16;21;26;28;38
4474;13;22;29;30;31;43
4475;5;15;24;29;35;37
4476;17;23;24;36;39;44
4477;16;19;25;29;33;35
4478;14;17;28;34;35;40
4479;3;14;19;32;37;43
4480;5;6;7;12;26;34
4481;8;10;22;33;36;37
4482;8;11;14;22;32;33
4483;3;11;24;30;41;45
4484;1;25;26;30;35;41
4485;11;13;18;38;40;43
4486;1;2;10;31;37;45
4487;8;16;24;36;40;44
4488;7;23;29;38;40;45
4489;2;5;10;16;25;42
4490;2;5;15;31;38;40
4491;5;10;14;19;26;33
4492;1;6;12;18;34;38
4493;1;6;14;28;29;40
4494;1;4;10;11;39;40
4495;4;8;17;35;38;43
4496;6;8;11;14;21;33
4497;2;5;10;15;19;43
4498;4;5;11;13;41;45
4499;7;18;21;23;27;31
4500;2;6;14;19;32;36
4501;2;10;28;41;44;45
4502;1;6;24;25;38;45
4503;4;5;20;27;28;37
4504;4;5;16;19;26;37
4505;8;21;25;34;36;43
4506;12;13;18;30;31;34
4507;17;19;21;23;34;42
4508;5;12;19;31;38;45
4509;12;13;20;26;28;42
4510;8;12;16;20;21;34
4511;12;13;22;27;38;42
4512;12;13;21;27;32;34
4513;9;17;19;22;23;29
4514;8;12;17;29;32;36
4515;16;22;25;31;39;45
4516;7;15;19;22;35;36
4517;4;12;15;17;21;34
4518;1;11;12;35;36;40
4519;7;23;29;34;38;41
4520;18;21;23;25;32;36
4521;3;6;23;25;35;43
4522;10;23;25;29;38;42
4523;2;12;26;27;34;40
4524;11;16;32;35;37;45
4525;2;7;8;22;28;39
4526;4;6;12;19;29;36
4527;4;24;33;39;40;45
4528;5;10;11;12;26;32
4529;4;5;10;19;33;40
4530;1;2;12;20;31;33
4531;6;17;23;24;32;37
4532;1;4;25;28;42;45
4533;14;17;19;34;35;38
4534;1;6;21;28;38;39
4535;13;15;23;32;36;39
4536;3;4;16;25;28;34
4537;1;12;17;20;24;45
4538;18;20;24;33;39;40
4539;2;5;6;18;21;31
4540;10;12;13;16;26;30
4541;5;26;29;30;35;38
4542;8;23;34;38;39;40
4543;4;17;20;31;37;39
4544;1;16;22;37;38;44
4545;1;3;9;23;39;41
4546;5;26;27;29;44;45
4547;3;10;20;23;37;40
4548;1;5;16;34;38;41
4549;4;6;10;15;21;29
4550;2;21;22;29;31;32
4551;6;19;23;28;44;45
4552;2;3;4;6;7;39
4553;8;12;17;22;23;32
4554;8;19;20;31;33;36
4555;14;18;19;22;30;40
4556;3;16;30;39;40;41
4557;2;6;9;15;22;43
4558;12;17;19;33;36;39
4559;6;20;21;27;28;32
4560;1;18;20;24;26;40
4561;4;20;22;23;33;41
4562;6;9;13;25;42;45
4563;3;5;9;11;14;38
4564;1;9;21;33;34;42
4565;12;13;15;21;29;38
4566;8;9;13;20;26;33
4567;10;17;18;21;44;45
4568;8;9;11;16;17;31
4569;2;6;22;36;40;44
4570;23;24;26;29;34;37
4571;3;6;7;10;11;34
4572;8;14;18;20;36;41
4573;1;10;22;31;36;44
4574;5;16;23;31;39;41
4575;7;11;19;28;33;42
4576;18;27;28;31;40;45
4577;10;19;23;27;32;39
4578;2;7;8;27;39;43
4579;5;14;15;20;25;37
4580;7;20;23;31;34;38
4581;1;3;4;5;30;36
4582;6;25;30;34;37;44
4583;6;9;12;13;29;44
4584;3;9;26;32;34;44
4585;11;18;23;33;35;45
4586;1;11;15;18;26;36
4587;4;23;25;28;40;44
4588;1;9;20;29;31;32
4589;3;7;16;19;30;38
4590;23;24;34;41;42;43
4591;11;14;33;36;40;43
4592;3;7;21;34;41;45
4593;5;15;27;40;41;43
4594;3;4;7;31;36;44
4595;8;12;24;29;37;45
4596;3;16;20;21;26;42
4597;5;15;18;22;23;42
4598;8;15;30;33;40;44
4599;1;19;23;24;27;37
4600;3;4;29;30;42;43
4601;5;19;22;23;29;33
4602;2;9;28;29;34;45
4603;2;7;23;24;31;44
4604;3;26;30;31;35;36
4605;19;20;31;33;34;39
4606;12;14;19;22;34;43
4607;6;16;37;39;40;45
4608;1;12;22;25;31;36
4609;3;4;9;37;42;43
4610;9;11;24;27;37;38
4611;6;9;16;26;38;44
4612;6;11;20;38;43;44
4613;2;8;20;22;26;39
4614;2;5;6;10;14;33
4615;9;14;16;26;29;45
4616;4;16;30;36;39;45
4617;16;32;33;35;37;45
4618;14;25;36;39;40;44
4619;5;9;10;40;42;45
4620;21;31;33;38;42;43
4621;3;19;32;35;38;44
4622;7;15;18;21;23;31
4623;8;23;30;34;37;40
4624;1;4;14;19;24;31
4625;2;3;4;17;21;22
4626;2;14;17;18;23;44
4627;4;18;25;32;39;45
4628;3;6;7;14;29;45
4629;5;15;27;34;36;43
4630;5;9;13;15;34;40
4631;13;18;26;36;37;43
4632;7;17;22;38;40;45
4633;11;12;13;16;19;26
4634;3;14;16;17;22;33
4635;2;14;21;23;25;30
4636;3;9;12;21;22;45
4637;3;9;18;37;40;45
4638;15;24;30;33;40;44
4639;4;5;6;9;34;41
4640;1;5;9;14;41;45
4641;3;12;16;29;30;36
4642;8;17;23;24;31;37
4643;4;13;19;22;23;43
4644;10;11;13;16;22;35
4645;2;11;13;15;21;22
4646;4;5;17;18;34;36
4647;1;14;18;24;28;29
4648;8;14;16;20;26;33
4649;3;6;29;37;43;45
4650;1;12;17;24;31;35
4651;2;8;26;30;38;43
4652;21;22;24;29;32;42
4653;4;6;7;15;25;28
4654;19;22;26;33;37;41
4655;6;20;36;38;44;45
4656;6;12;23;28;42;44
4657;5;13;19;32;35;45
4658;9;13;25;32;34;42
4659;17;33;36;39;41;44
4660;1;8;12;18;20;37
4661;5;21;26;34;35;41
4662;1;3;6;14;16;22
4663;3;9;14;15;26;45
4664;6;22;25;36;41;42
4665;10;17;19;27;37;44
4666;2;18;27;29;31;33
4667;1;3;24;31;33;35
4668;1;2;12;39;40;42
4669;4;15;30;32;34;36
4670;8;15;19;33;39;45
4671;15;33;37;40;41;45
4672;6;11;25;28;40;43
4673;1;4;19;21;22;45
4674;1;8;11;20;26;36
4675;3;24;26;33;35;40
4676;2;10;25;28;37;44
4677;2;12;18;21;27;33
4678;3;13;18;31;39;42
4679;2;24;33;42;43;44
4680;5;13;18;29;30;42
4681;2;19;33;34;40;42
4682;1;4;7;10;26;38
4683;1;3;16;26;38;44
4684;25;27;29;40;43;45
4685;6;20;29;33;41;44
4686;11;17;18;22;41;42
4687;1;25;26;27;30;37
4688;4;5;8;13;15;29
4689;8;18;25;30;38;40
4690;3;4;8;19;21;31
4691;7;14;17;21;25;44
4692;10;16;23;29;34;37
4693;13;15;17;30;43;44
4694;1;8;20;21;25;26
4695;1;9;33;37;39;41
4696;12;19;22;35;40;43
4697;4;5;20;21;31;42
4698;9;15;19;33;35;42
4699;4;7;26;31;42;44
4700;10;11;17;20;27;32
4701;3;23;26;32;35;36
4702;4;9;14;17;33;38
4703;10;16;23;28;30;44
4704;6;10;13;15;24;33
4705;4;9;12;15;33;43
4706;3;9;12;23;24;43
4707;4;5;11;23;30;40
4708;13;17;28;30;33;38
4709;18;19;22;25;38;41
4710;7;19;27;32;36;41
4711;9;10;21;26;35;43
4712;2;12;14;15;19;20
4713;9;11;21;30;35;45
4714;2;3;14;16;20;43
4715;5;18;21;36;39;43
4716;6;9;21;24;32;33
4717;3;5;15;16;23;35
4718;1;6;26;28;36;38
4719;23;33;39;40;41;44
4720;11;21;22;33;34;42
4721;1;11;29;34;37;43
4722;1;5;15;22;23;25
4723;6;16;18;26;31;37
4724;2;3;24;29;37;38
4725;3;7;10;12;17;25
4726;11;14;26;29;31;36
4727;2;18;20;23;24;30
4728;2;5;13;24;29;33
4729;8;16;18;27;37;42
4730;14;15;18;36;39;42
4731;22;29;30;32;41;44
4732;4;14;24;27;30;42
4733;1;4;23;28;32;42
4734;10;11;31;33;37;39
4735;9;12;18;26;27;45
4736;1;12;15;16;37;42
4737;3;9;10;23;25;44
4738;28;30;36;37;43;45
4739;21;22;23;30;31;35
4740;6;15;17;26;38;43
4741;4;5;15;22;29;31
4742;5;10;17;18;28;43
4743;12;21;25;31;36;39
4744;4;18;28;30;39;42
4745;5;19;21;26;39;44
4746;13;17;18;26;35;39
4747;1;18;28;33;37;40
4748;2;19;22;32;37;38
4749;8;15;25;26;32;44
4750;22;35;39;41;43;45
4751;1;10;18;22;25;43
4752;4;13;17;18;28;33
4753;2;8;18;37;39;45
4754;19;30;37;41;42;45
4755;1;3;18;26;28;33
4756;2;3;5;16;20;23
4757;3;11;14;16;26;32
4758;4;13;27;37;43;45
4759;1;6;12;14;23;29
4760;3;20;29;37;40;45
4761;2;5;10;15;18;37
4762;5;8;15;19;31;33
4763;3;15;16;28;36;37
4764;2;7;11;17;20;29
4765;5;15;19;20;22;41
4766;6;9;13;15;16;20
4767;9;12;16;19;36;39
4768;9;19;26;30;40;44
4769;2;7;12;20;21;22
4770;1;14;23;36;37;43
4771;3;9;14;22;37;38
4772;6;14;21;25;27;39
4773;5;22;33;39;43;45
4774;2;6;8;19;22;42
4775;2;3;5;20;25;32
4776;6;7;8;14;15;40
4777;5;19;21;31;36;41
4778;2;6;17;22;31;37
4779;3;20;25;28;37;40
4780;4;13;18;21;33;38
4781;29;38;39;40;43;44
4782;9;13;14;20;23;42
4783;6;14;15;19;23;41
4784;8;15;18;20;33;38
4785;14;23;24;28;33;37
4786;14;22;28;29;37;44
4787;2;3;9;11;37;43
4788;11;22;25;29;37;41
4789;1;2;27;28;29;42
4790;3;14;17;20;21;45
4791;14;19;26;33;36;39
4792;2;6;11;13;23;31
4793;4;16;20;27;28;44
4794;11;23;25;33;35;44
4795;15;18;22;26;43;44
4796;9;13;20;27;34;37
4797;7;10;26;27;34;39
4798;4;18;28;33;36;37
4799;1;8;9;14;29;40
4800;5;7;9;16;31;43
4801;4;6;18;19;24;28
4802;4;6;19;24;28;38
4803;8;12;20;25;33;34
4804;13;20;21;22;33;38
4805;3;5;12;20;25;27
4806;5;6;13;14;22;24
4807;3;11;29;37;41;43
4808;10;19;20;23;28;37
4809;14;23;26;29;33;40
4810;5;9;17;23;28;32
4811;11;16;21;36;43;44
4812;2;18;26;32;35;38
4813;2;15;16;21;30;39
4814;6;15;19;25;29;43
4815;6;8;12;26;28;32
4816;9;12;14;20;26;40
4817;21;23;24;25;31;41
4818;8;9;19;28;29;43
4819;11;12;24;29;34;41
4820;1;2;23;31;32;44
4821;19;26;30;32;35;45
4822;10;20;27;31;32;41
4823;7;21;34;35;38;39
4824;19;30;32;37;40;42
4825;4;13;18;34;35;36
4826;5;7;11;20;24;25
4827;14;15;16;24;31;40
4828;2;18;26;30;31;35
4829;1;5;7;32;40;42
4830;27;33;38;42;43;45
4831;3;16;19;25;32;37
4832;3;15;17;41;44;45
4833;2;10;16;20;24;45
4834;5;11;21;27;35;41
4835;1;5;9;14;25;38
4836;8;16;17;20;38;43
4837;1;3;8;18;23;44
4838;2;3;21;24;25;45
4839;13;18;20;23;24;35
4840;2;15;25;26;27;30
4841;20;24;25;30;36;42
4842;5;11;19;23;27;36
4843;3;9;15;16;21;40
4844;2;4;15;23;26;38
4845;4;15;26;34;36;39
4846;3;8;10;17;36;37
4847;12;21;22;23;34;43
4848;5;12;13;20;39;40
4849;1;10;38;39;41;43
4850;7;21;28;36;38;41
4851;4;14;27;37;42;45
4852;2;5;20;28;29;36
4853;4;9;10;22;26;39
4854;17;18;22;38;41;45
4855;19;24;27;29;36;45
4856;1;2;16;19;25;38
4857;6;18;22;24;35;43
4858;9;12;20;21;28;45
4859;15;23;29;32;35;41
4860;1;5;13;25;30;41
4861;10;13;14;22;40;43
4862;11;15;22;23;24;35
4863;1;8;11;20;37;45
4864;7;19;26;27;28;41
4865;8;13;34;39;41;44
4866;4;8;38;39;40;41
4867;6;7;13;15;29;45
4868;1;5;6;31;33;45
4869;4;5;12;22;32;33
4870;4;6;11;21;24;32
4871;12;19;26;34;43;45
4872;19;20;37;39;42;45
4873;2;18;21;22;25;43
4874;5;8;9;30;38;44
4875;8;15;16;23;28;31
4876;3;4;16;30;34;41
4877;2;17;32;34;36;43
4878;4;17;22;32;41;45
4879;13;18;33;38;40;41
4880;3;15;26;30;31;44
4881;5;16;21;30;39;44
4882;11;13;21;27;30;43
4883;2;5;12;14;15;16
4884;1;3;9;12;22;39
4885;8;10;14;20;43;45
4886;9;21;22;40;41;45
4887;4;11;17;25;33;39
4888;5;13;24;25;31;34
4889;2;20;25;29;33;42
4890;2;25;26;29;37;44
4891;3;23;29;37;38;45
4892;7;15;32;34;38;39
4893;11;12;22;24;34;42
4894;2;4;7;24;37;44
4895;6;9;16;18;23;42
4896;4;8;21;25;28;35
4897;7;13;15;16;19;23
4898;6;9;13;22;33;38
4899;2;13;14;17;39;45
4900;14;26;27;30;33;42
4901;3;8;15;16;23;27
4902;9;10;22;24;33;42
4903;11;17;21;32;34;40
4904;3;16;25;33;39;42
4905;27;28;34;37;38;39
4906;4;12;25;38;43;45
4907;11;16;27;28;40;42
4908;3;5;11;23;24;29
4909;22;34;36;37;39;44
4910;1;9;17;18;34;39
4911;15;31;33;38;40;44
4912;8;11;13;14;16;19
4913;2;7;23;27;42;44
4914;4;14;20;24;29;42
4915;7;18;23;24;42;43
4916;7;10;14;20;30;32
4917;1;17;26;28;32;45
4918;6;8;9;13;35;43
4919;3;18;24;30;33;41
4920;30;31;38;42;43;45
4921;11;14;20;29;37;40
4922;9;14;16;22;26;41
4923;4;7;12;13;30;44
4924;7;8;25;28;37;42
4925;12;13;14;16;33;37
4926;7;9;19;21;23;33
4927;1;6;10;15;21;34
4928;20;22;23;24;29;39
4929;8;13;14;21;22;29
4930;3;19;29;38;43;44
4931;21;25;37;39;44;45
4932;4;11;23;25;29;39
4933;6;11;18;19;25;34
4934;5;8;15;16;19;45
4935;5;9;20;24;33;42
4936;11;17;20;22;35;36
4937;2;8;9;23;35;39
4938;5;9;10;11;40;41
4939;15;19;27;32;41;42
4940;5;19;28;31;32;41
4941;18;33;34;39;40;41
4942;4;5;15;22;40;42
4943;11;14;21;23;29;40
4944;3;6;7;18;20;42
4945;9;10;11;14;20;40
4946;16;22;32;34;39;41
4947;3;8;9;28;37;41
4948;8;32;34;36;41;43
4949;5;16;18;30;34;35
4950;5;7;11;14;37;44
4951;2;20;27;38;39;41
4952;11;12;16;19;30;40
4953;22;29;31;35;40;42
4954;3;12;25;29;39;44
4955;3;5;9;19;26;44
4956;1;9;12;16;25;30
4957;3;10;11;23;32;36
4958;4;7;10;24;25;32
4959;10;16;29;32;33;36
4960;2;8;12;28;31;43
4961;1;6;11;19;40;42
4962;4;10;26;30;33;35
4963;5;12;14;20;28;30
4964;14;16;20;22;26;43
4965;5;14;16;27;39;43
4966;8;12;15;20;27;28
4967;12;14;24;28;41;42
4968;13;14;19;25;35;42
4969;4;6;17;27;33;38
4970;3;7;13;25;27;29
4971;7;18;26;28;34;42
4972;2;3;5;11;27;42
4973;2;11;16;19;35;44
4974;9;20;27;34;37;43
4975;16;17;23;25;27;29
4976;1;10;14;28;30;45
4977;3;5;8;21;31;38
4978;2;7;14;19;32;39
4979;6;20;24;28;33;42
4980;6;11;16;26;43;45
4981;2;14;35;38;39;40
4982;5;17;21;26;29;31
4983;3;6;18;30;37;44
4984;7;12;14;32;35;45
4985;1;17;18;19;38;42
4986;2;3;4;16;28;36
4987;3;6;15;17;34;36
4988;3;8;24;31;39;44
4989;6;25;26;31;32;36
4990;3;13;14;26;39;42
4991;4;10;19;21;28;29
4992;2;4;8;11;43;45
4993;1;2;12;25;34;42
4994;5;18;22;25;28;37
4995;16;20;30;39;40;44
4996;1;2;23;26;38;39
4997;9;18;24;28;34;43
4998;2;3;13;26;32;41
4999;4;12;16;23;31;39
5000;9;11;13;20;31;32
5001;2;3;7;10;11;34
5002;10;19;24;28;30;38
5003;14;16;24;32;36;42
5004;1;10;15;26;31;32
5005;8;15;29;32;37;40
5006;4;10;12;35;41;43
5007;5;8;23;25;28;31
5008;1;30;34;38;40;41
5009;6;21;23;31;35;36
5010;4;18;19;35;36;44
5011;6;9;10;27;30;40
5012;4;11;14;24;40;42
5013;4;21;27;29;36;43
5014;1;6;9;15;22;38
5015;1;10;25;42;44;45
5016;3;11;14;15;37;42
5017;10;13;17;24;41;43
5018;1;2;15;20;31;36
5019;1;24;29;30;31;45
5020;1;3;10;22;42;43
5021;7;17;19;21;28;38
5022;3;12;13;24;26;33
5023;3;4;12;22;42;45
5024;3;9;16;18;30;33
5025;4;7;22;34;37;45
5026;8;21;35;36;42;43
5027;4;10;12;14;35;39
5028;8;16;20;27;29;43
5029;8;30;31;32;33;44
5030;19;25;26;29;31;33
5031;16;23;26;27;30;40
5032;1;7;11;27;28;30
5033;7;20;22;37;40;45
5034;10;14;31;37;41;43
5035;1;10;13;18;28;38
5036;6;15;27;34;42;43
5037;11;12;30;38;41;44
5038;1;4;12;23;30;43
5039;5;10;14;38;42;44
5040;5;6;12;13;18;38
5041;8;14;26;29;38;39
5042;9;10;11;21;34;42
5043;8;10;15;20;25;30
5044;4;6;16;25;41;42
5045;9;25;27;28;33;42
5046;2;5;19;31;41;44
5047;1;9;12;14;15;39
5048;2;9;10;21;28;32
5049;4;9;16;17;22;32
5050;8;9;25;28;34;40
5051;7;12;16;20;21;30
5052;7;9;28;34;36;40
5053;9;18;23;37;38;39
5054;5;8;12;20;27;40
5055;5;17;25;33;40;45
5056;10;15;19;21;29;33
5057;2;3;6;19;28;34
5058;2;4;19;20;24;26
5059;14;20;22;29;30;44
5060;4;5;9;33;43;45
5061;8;14;21;23;28;34
5062;3;7;10;25;35;42
5063;7;13;17;19;27;44
5064;5;11;14;18;42;43
5065;13;17;24;25;29;31
5066;7;16;21;31;33;42
5067;9;12;15;18;29;36
5068;16;18;37;40;41;43
5069;7;12;19;23;40;45
5070;8;13;25;37;44;45
5071;1;8;14;33;36;38
5072;10;12;21;26;34;42
5073;1;12;14;16;20;23
5074;1;16;19;29;39;41
5075;2;5;23;34;39;41
5076;6;9;19;24;34;44
5077;19;25;32;36;40;44
5078;7;23;31;35;43;44
5079;3;11;13;15;22;40
5080;2;16;24;28;36;40
5081;11;20;25;26;29;43
5082;3;28;29;30;39;44
5083;15;17;21;22;28;31
5084;3;7;15;23;31;37
5085;7;9;10;25;33;34
5086;4;23;24;28;29;40
5087;8;14;19;33;41;44
5088;3;4;7;8;28;39
5089;2;12;24;25;33;45
5090;6;10;20;24;32;45
5091;5;19;22;25;42;43
5092;1;12;25;30;40;41
5093;24;25;26;34;35;39
5094;7;9;16;34;41;45
5095;4;8;17;18;31;45
5096;10;11;18;22;27;31
5097;3;29;31;33;36;44
5098;10;18;25;27;28;41
5099;7;14;16;24;29;35
5100;16;20;23;29;41;42
5101;2;20;21;24;25;29
5102;10;19;32;34;35;45
5103;14;15;25;30;32;39
5104;8;13;14;17;18;20
5105;9;14;16;25;35;44
5106;3;4;8;20;22;34
5107;1;2;29;30;41;42
5108;1;7;27;36;39;45
5109;3;6;8;32;35;40
5110;7;25;31;36;37;39
5111;4;6;21;27;30;38
5112;5;11;14;16;20;32
5113;16;19;30;39;41;44
5114;5;23;26;27;34;43
5115;18;29;34;40;44;45
5116;2;4;20;25;37;44
5117;4;6;19;22;39;44
5118;11;17;20;38;41;45
5119;11;18;19;20;26;33
5120;7;10;13;15;21;43
5121;9;15;18;31;37;43
5122;15;24;34;36;43;44
5123;6;12;15;24;26;43
5124;3;9;23;41;42;45
5125;19;24;28;35;39;44
5126;1;5;16;18;41;42
5127;1;8;22;24;36;45
5128;24;27;37;38;41;44
5129;19;27;33;34;36;41
5130;2;3;14;18;43;45
5131;1;27;29;30;37;43
5132;2;11;15;16;24;44
5133;7;21;30;36;41;42
5134;10;11;12;21;31;38
5135;4;6;11;14;23;28
5136;3;8;13;20;28;35
5137;9;10;22;30;31;42
5138;10;19;28;37;40;41
5139;2;15;20;23;35;44
5140;3;9;17;27;31;35
5141;15;21;24;42;44;45
5142;6;11;29;31;40;43
5143;1;4;23;24;29;32
5144;2;5;11;23;25;30
5145;1;13;24;28;30;31
5146;2;3;17;20;24;31
5147;16;29;32;36;38;43
5148;4;7;12;14;16;22
5149;1;14;29;34;35;37
5150;3;19;22;34;39;43
5151;2;3;13;21;27;33
5152;4;5;11;14;20;24
5153;17;18;21;37;43;44
5154;12;17;31;37;38;44
5155;9;14;18;37;38;39
5156;3;5;12;19;32;33
5157;8;12;16;24;37;41
5158;5;7;14;17;31;33
5159;11;21;23;29;34;37
5160;11;16;26;34;42;43
5161;13;17;35;39;41;43
5162;5;13;14;35;42;44
5163;10;20;22;26;32;36
5164;4;13;28;35;41;45
5165;11;21;23;26;43;44
5166;1;11;19;20;40;41
5167;1;11;15;22;27;28
5168;5;8;14;15;17;30
5169;12;19;30;34;44;45
5170;2;21;30;31;43;45
5171;15;18;26;28;34;38
5172;10;12;13;15;27;43
5173;4;7;9;20;42;43
5174;5;12;33;34;36;44
5175;2;9;15;19;35;44
5176;4;16;19;22;27;30
5177;8;11;21;22;25;32
5178;3;4;11;14;18;22
5179;2;13;26;29;34;42
5180;3;16;18;31;32;44
5181;1;13;23;34;38;39
5182;12;15;23;26;29;42
5183;31;34;36;37;40;45
5184;12;21;25;36;39;42
5185;6;7;28;29;31;32
5186;1;3;17;30;33;44
5187;5;6;23;31;35;44
5188;6;26;30;32;34;43
5189;2;7;11;13;18;35
5190;7;27;31;32;34;40
5191;15;17;21;26;37;41
5192;5;10;25;26;33;34
5193;3;9;18;28;29;30
5194;1;2;9;17;18;43
5195;26;30;33;34;42;45
5196;5;15;16;26;29;45
5197;4;10;11;15;34;42
5198;1;5;15;22;23;24
5199;1;5;6;25;31;41
5200;1;2;3;12;20;43
5201;1;15;16;21;27;41
5202;19;22;27;37;39;44
5203;2;3;11;12;19;29
5204;1;4;7;20;24;36
5205;2;17;22;24;29;34
5206;3;5;13;21;22;41
5207;1;11;14;29;34;39
